{
  "data_info": {
    "start_date": "20200101",
    "end_date": "20260130",
    "stock_count": 5687,
    "record_count": 7203161
  },
  "anomaly_stats": {
    "突发放量(3倍)": {
      "count": "193600",
      "ratio": 0.026877089100188097
    },
    "持续缩量(5日)": {
      "count": "84531",
      "ratio": 0.011735264559545456
    },
    "量价背离": {
      "count": "734554",
      "ratio": 0.10197661832076223
    },
    "天量见天价": {
      "count": "169088",
      "ratio": 0.023474138645519654
    },
    "Z-score异常(2.5σ)": {
      "count": "252812",
      "ratio": 0.03509736905783447
    }
  },
  "backtest_results": {
    "放量突破": {
      "total_trades": 74889,
      "win_trades": "29180",
      "loss_trades": "45709",
      "win_rate": 38.964333880810265,
      "avg_return": -0.43273034015060324,
      "avg_win": 10.202574392341363,
      "avg_loss": -7.222163320397723,
      "profit_factor": 0.9018328116866512,
      "sharpe_ratio": -0.2389399137735398,
      "max_drawdown": -100.0,
      "total_return": -32406.742443538526
    },
    "缩量回调": {
      "total_trades": 59382,
      "win_trades": "27541",
      "loss_trades": "31841",
      "win_rate": 46.37937422114445,
      "avg_return": 0.47915524857150005,
      "avg_win": 7.6954959927761,
      "avg_loss": -5.762647472327306,
      "profit_factor": 1.15506804763095,
      "sharpe_ratio": 0.3194934204687795,
      "max_drawdown": -100.0,
      "total_return": 28453.196970672816
    },
    "量价配合": {
      "total_trades": 418168,
      "win_trades": "187978",
      "loss_trades": "230190",
      "win_rate": 44.95274626465918,
      "avg_return": 0.3442233611894699,
      "avg_win": 7.248075065776321,
      "avg_loss": -5.293607281865518,
      "profit_factor": 1.1181280309042143,
      "sharpe_ratio": 0.25012002504957076,
      "max_drawdown": -100.0,
      "total_return": 143943.19450187826
    }
  }
}